initial_beta,lcc_values
3.606880956971916,1687.6536865234375
2.6171080262009703,3280.26025390625
3.5983304398009164,1761.596923828125
3.6118639221896442,1597.343994140625
3.9723437028067408,1012.53076171875
3.923908826972468,1028.465087890625
3.4741115696331932,1929.172607421875
3.4999349281693193,1903.8970947265625
2.507582728293265,3592.7705078125
3.0150720896688403,2766.078857421875
3.047478231890638,2963.555419921875
4.013306918378544,955.9274291992188
3.4964940432848453,2072.7529296875
2.5966028760082156,3343.823486328125
2.825297798879491,3329.943115234375
3.819613695845718,1212.573974609375
3.000039819326742,2837.654296875
4.199918349570861,864.2753295898438
3.8565010989547464,1158.38916015625
3.6030946426872985,1375.374267578125
2.677930634651964,3052.079345703125
4.199923802431346,864.2734985351562
2.506416790615366,3586.591064453125
3.0526529542027676,2935.01708984375
2.5155064109012693,3543.47216796875
3.892253655469458,985.7999267578125
3.6225876550690526,1681.5733642578125
2.7091924130848657,2961.863037109375
4.150825290846849,875.0178833007812
3.4685152801282153,1948.93994140625
3.3492774894960253,2165.347900390625
2.501284367878106,3612.32666015625
3.025234668684256,2733.98046875
3.858486020892068,1134.634033203125
4.155334241321468,883.3209228515625
3.588742480810809,1704.343017578125
2.500290551315353,3615.82275390625
2.8368322831188153,7818.5439453125
4.042225452072642,935.5896606445312
2.5143463597102014,3548.810546875
3.00003635117292,2837.626708984375
3.9233228359018364,1066.4315185546875
4.100778186612243,910.9556884765625
3.053910951680634,2933.852294921875
4.199513964792937,864.4325561523438
2.9912035684102043,2859.22314453125
3.4720108480053202,1996.9825439453125
3.576912633280305,1747.744140625
3.0211620052411763,5034.14453125
4.190554782320039,868.022705078125
4.098140065239346,904.8886108398438
3.499574810009529,1904.2960205078125
2.5005731570650016,3614.758056640625
2.8262447798714736,7909.68310546875
3.4167353526573696,1888.944091796875
3.8796972344237886,1076.310302734375
4.1795502779835045,872.6249389648438
4.1430499632270745,889.515869140625
4.1999669888640785,864.2557983398438
3.888770053794161,1111.161865234375
3.515408780230358,1848.6141357421875
3.5000013032212594,1903.8970947265625
3.27363283157017,3678.067626953125
3.504247067988721,1889.5684814453125
4.182130309944506,868.1719970703125
2.606302595350747,3338.62890625
3.6266624697530685,1672.18408203125
3.509497210425762,1873.4432373046875
3.311202645103392,2151.706787109375
3.500128562474937,1903.4825439453125
3.407760570053418,2061.999755859375
3.6079332635476717,1723.3822021484375
3.440921808490251,1999.498291015625
3.502145814917582,1595.417236328125
3.529695720576574,1908.1787109375
3.018901568159479,2756.217529296875
3.452839481974567,1966.20849609375
2.8301358676487087,3484.52587890625
2.9650006657304857,2924.771240234375
3.0131882072526293,2768.542724609375
3.500000041398727,1903.9013671875
3.000379913089021,2835.79443359375
3.5000021101368985,1903.89453125
3.799957252418083,1251.8526611328125
3.420071698274226,2038.148681640625
3.4991773541231335,1905.1014404296875
3.5178618294034876,1813.388916015625
3.9621240426610225,1022.9227294921875
3.9889567051863306,992.9968872070312
3.500069921557482,1903.6737060546875
3.051102689715372,2885.722900390625
3.506156815231315,1884.0537109375
4.194068744665265,866.6033935546875
3.0004713351149657,2835.308349609375
2.501000330298998,3612.525634765625
4.050541162815702,930.7362060546875
3.5033083997588976,1888.0162353515625
4.104981420828891,910.0535888671875
2.7668677891438405,3637.488037109375
2.71504478902348,3092.500732421875
4.199512350691373,864.4346313476562
3.4609279372227775,1926.254638671875
3.6828859008582806,1544.0926513671875
3.5343516369075934,1891.4974365234375
3.4746361845466467,1937.363037109375
2.9759486488197044,2895.546875
4.036347099814867,939.2408447265625
3.1595348432161434,3861.58544921875
3.00208677131561,2826.68212890625
3.0129909126096805,2782.9365234375
3.500031561307435,1903.79736328125
4.199481631466055,864.4111328125
3.3833258045998442,2741.4912109375
3.9377888590004,1049.427978515625
4.198206775061515,864.9505004882812
3.721436397113115,1331.990234375
3.5017009557797523,1898.37451171875
4.194634157263323,865.32666015625
3.5000858023937305,1903.6219482421875
3.2981849405440244,2448.32177734375
4.162202905136082,880.1576538085938
4.199989111079626,864.2470703125
3.5002701655576494,1903.0216064453125
3.015821571875947,2768.998779296875
4.195402289567331,865.2529907226562
3.521131339364624,1837.531005859375
2.542291461902775,3520.1884765625
4.199801983602678,864.28271484375
2.5159896226872602,3583.310546875
3.850184949485042,1022.4918212890625
4.127817028398155,897.3467407226562
2.7308981308052522,2946.4423828125
4.1999999951182305,864.2435302734375
3.0029086033497006,2822.40966796875
4.1947299672066904,865.2949829101562
3.501495525858563,1899.041015625
3.0025196318843586,2825.59423828125
4.055093946892293,923.2833862304688
3.371727484559848,2887.028076171875
3.560867949719,1801.5589599609375
3.5000016021121514,1903.89599609375
2.568188114953894,3471.192138671875
4.195974715187199,865.5439453125
3.069127537367451,2783.220947265625
3.4527655839358715,1971.1844482421875
3.101187370729897,4087.60009765625
2.511202887947479,3572.080078125
2.5816959607470578,3397.886962890625
3.5000002098038085,1903.90087890625
3.0403351139682764,2957.565673828125
4.1990724996345525,864.449462890625
4.015307852863935,970.3790893554688
4.199995020293076,864.245361328125
3.494243028918765,1907.8514404296875
2.925661294605358,6880.5927734375
3.4517719275237115,1963.80224609375
3.5882161690467034,1710.375732421875
3.6829860312934413,1537.60205078125
3.561684676827403,1798.9207763671875
3.4842081221077588,1888.3428955078125
3.199579578453217,3547.669677734375
2.671586746826174,3173.731201171875
3.645512121358091,1505.9439697265625
3.6057547005689883,1736.3564453125
4.075784241435363,928.1493530273438
3.745897191732194,1280.19921875
3.292766822350424,3489.796875
4.19943465707671,864.4658203125
3.0038088480253995,2817.5703125
4.199813178075512,864.3034057617188
2.500273355568067,3615.344482421875
3.497769330401596,1907.162109375
3.4996368398107096,1904.2403564453125
2.6946983001522136,2992.31005859375
3.500172304029686,1903.340087890625
3.530990759802074,1806.8228759765625
4.1881343699527,866.87548828125
3.0009376913010177,2833.82373046875
2.561464095658892,3563.492431640625
3.463937601602763,1952.5081787109375
3.500896415177314,1900.9849853515625
4.196651513868484,865.363525390625
3.739889506977538,1389.044921875
3.002935679982241,5295.21337890625
3.1994387356785343,3143.59130859375
3.583582170369515,1688.2216796875
3.4999928823611564,1903.9080810546875
3.2562370600817188,3859.696044921875
3.6596298108727794,1571.697998046875
3.0023174630690197,2827.946044921875
3.500000513199254,1903.8497314453125
3.394623395949259,1969.811279296875
4.199999971624968,864.2435302734375
4.1497242343347995,886.23486328125
3.5017917762562165,1898.0794677734375
4.150689473253233,885.767822265625
3.884799065639761,1116.7021484375
3.959438718677294,1025.7237548828125
3.5100359238163996,1848.244140625
3.0077541441096085,2796.77685546875
3.4999873011075207,1903.9127197265625
4.084631286633954,912.1500854492188
3.1399384837940545,4066.758544921875
4.01987864576758,965.6478271484375
3.261129022413071,3799.220947265625
3.4930208543048584,1815.592041015625
4.128861719747342,890.779052734375
3.059755160431007,2781.029296875
3.5006138535259086,1901.9033203125
3.0073773648198356,2806.26611328125
3.1484518678432982,3974.501220703125
2.9760696987765947,2887.121826171875
4.195024461371775,866.2197265625
4.018378772441362,970.6258544921875
4.199099954822977,864.5979614257812
3.5017889799054402,1898.0899658203125
4.1796295644283346,872.389404296875
4.093851564010559,890.6365966796875
3.4999406169549303,1903.988037109375
3.260300135498108,3840.1435546875
4.17257942757923,875.664306640625
4.19229129948007,866.6452026367188
2.504415105878401,3603.184326171875
3.4999946490696647,1903.9093017578125
4.199999351741528,864.2437744140625
2.978193354303949,5970.888671875
3.775926118207496,1121.8436279296875
4.1999230329119035,864.2733154296875
3.521625708877328,1835.9171142578125
2.934903100046479,2940.287353515625
3.000475387839887,2835.291259765625
3.540980258767303,1858.8575439453125
3.9214049729452234,1068.6761474609375
2.767416052747026,3881.486572265625
4.196804540482459,865.4911499023438
4.1549693913013295,880.1177978515625
3.183200457274451,2431.525390625
4.199325121177442,864.5092163085938
2.605755530347624,3292.6142578125
3.4926630319726377,1913.4947509765625
3.545123008881622,1842.004150390625
2.5129110279573768,3555.49267578125
3.025200836074125,2732.646240234375
3.2821398923905205,2548.576171875
3.846023512254601,1175.4976806640625
4.199802117263658,864.3070068359375
4.069529719385145,932.305419921875
3.1712472620016365,3789.95556640625
3.8509283572043094,1167.5677490234375
2.5064962807210023,3591.8984375
3.5698882346674154,1772.845947265625
2.501953889872677,3609.7080078125
3.3340329958299253,2541.555419921875
3.521358980426265,1836.8448486328125
3.507013983605796,1881.3175048828125
2.9854155393327253,5559.4833984375
3.5511343812754266,1464.581298828125
3.6112001760152674,1718.267333984375
3.171636336530354,2427.613037109375
4.1995700043542445,864.3827514648438
3.496221782679416,1900.106201171875
3.8659434753475237,1144.1954345703125
3.0012000817667532,2831.41015625
4.199988008072497,864.2479248046875
4.097431142778688,914.5285034179688
3.5193003238844827,1843.056396484375
2.8763400816408975,3792.468994140625
3.7819883525111693,1283.223876953125
3.0000003595055165,2837.826904296875
2.5214788330198976,3550.06591796875
2.868217663819621,3217.64453125
3.6068145722360527,1732.7379150390625
3.0002256408259247,2836.62060546875
4.147893846012171,887.1256713867188
3.504445013426123,1889.529296875
3.631892070246344,1652.3690185546875
3.7096025712765854,1167.0111083984375
2.501351454557252,3610.396484375
3.5000282910719736,1903.7496337890625
3.0006930820695072,2834.642822265625
3.427827349668928,2445.0947265625
4.190432594634396,868.0777587890625
2.5000103616526896,3616.64208984375
3.499999943481854,1903.9013671875
2.5588128597800015,3581.61083984375
2.75058208469522,4822.1767578125
3.6359790371232803,1640.3140869140625
3.908324489139619,1044.47314453125
3.475093112862671,1937.3265380859375
3.500026600401822,1903.8084716796875
3.08031173369088,2814.248291015625
3.7003857176030848,1492.361083984375
4.1998935827930906,864.2853393554688
3.3805558568542637,2213.52587890625
4.1983106617767225,864.611328125
2.5265641014167013,3531.743896484375
3.2505776486080578,2880.524169921875
4.185798925859145,867.1307373046875
3.945345163920537,953.5220947265625
4.134666268927337,893.7679443359375
2.9348260997251208,3443.1015625
3.2019344926831064,3455.259765625
4.15278641538456,880.965576171875
3.500033281264942,1903.79296875
4.073946506497306,929.360595703125
3.9661040702826673,943.4290161132812
2.499999999999025,3616.66015625
4.1998745258008015,864.2928466796875
4.042933597489388,951.2442016601562
4.103315686903332,902.7476196289062
2.943599022165536,6236.80859375
3.474034018690211,2001.98828125
3.5000467016221717,1903.749267578125
3.5727151151272345,1764.0361328125
4.112751420496649,885.0073852539062
3.1873330956360446,2550.272705078125
3.5343410652713874,1891.3641357421875
4.1770019712085,869.3385009765625
3.5000067148482086,1903.87939453125
3.1604921836889637,2496.94677734375
2.801329423512583,7616.66357421875
2.7701989369216204,3622.9501953125
3.0057887549442457,2807.264892578125
4.103864397579032,910.7161865234375
4.197720883391559,865.1436157226562
3.553695475862864,1824.1416015625
3.602315019639305,1410.2977294921875
4.151149063326439,885.546142578125
3.4994358386903723,1904.7242431640625
3.946230313154168,1028.728515625
2.6337250069390405,3270.829345703125
3.5026285855269244,1892.433349609375
3.499911491368795,1904.02392578125
2.7605078062881954,2837.167724609375
3.6561429928144795,1581.8599853515625
3.1922799460818205,2406.64404296875
3.381820223245364,2748.48046875
3.6064552169347794,1734.0096435546875
2.7781122607751394,3883.7294921875
3.4944781127877884,1909.10205078125
4.131760811123781,880.3644409179688
3.3849917861903442,2041.0782470703125
4.1966615830149125,865.424072265625
3.0025863398473285,2826.6083984375
4.199382863456689,864.4414672851562
3.5095445707005353,1873.31396484375
4.166743684474522,875.7322387695312
2.500577352967542,3615.323486328125
4.104612401439569,910.2786254882812
2.501255928779346,3612.669189453125
3.357528251403469,2070.088134765625
3.5000000149469805,1903.9013671875
3.017073354179016,2748.650390625
3.3908600391362613,2067.475341796875
2.500028062012997,3616.569580078125
4.199999782808722,864.2435302734375
4.176629885840621,870.71728515625
3.5019598487241113,1897.537109375
2.999999999055316,2837.828857421875
2.5169874782158104,3587.50341796875
3.4030873418372125,2602.319580078125
3.500157588286868,1903.3880615234375
4.1984167580806275,864.867431640625
3.0103659261131677,2783.159423828125
4.096801660145092,905.2431640625
3.670549758942961,1582.1771240234375
4.1963837216338495,865.0006103515625
3.4641461684526287,1710.08447265625
2.8833031270765357,3688.8779296875
4.199942438767239,864.2548828125
3.5295030081799257,1923.3739013671875
3.511072890300013,1868.5089111328125
3.2521010524109175,2471.493408203125
4.1967848638748295,865.5156860351562
3.1681197109763657,3814.94384765625
2.698331798751063,3118.835205078125
3.5150135600041437,2024.6846923828125
3.5000031600198596,1903.883544921875
4.191883953150134,865.8726196289062
3.502224790946206,1896.679931640625
3.517788717933867,1847.706298828125
3.154287653551677,2520.12158203125
3.131234426021424,2596.69775390625
3.096814507698865,3023.136474609375
3.5649562528799073,1788.4298095703125
2.512536601772296,3594.90087890625
4.198684420170668,864.6665649414062
4.173788222714834,874.7473754882812
3.499533478784734,1904.282958984375
3.5512606106335083,1833.171875
3.001148604424377,2832.543701171875
3.50423883588237,2036.53564453125
3.009203940733452,2789.2802734375
3.6522764608725877,1592.695556640625
3.096541548359256,3024.783447265625
2.6691399095648833,3155.58837890625
4.199877536427416,864.2846069335938
3.9118987756617734,1080.55859375
4.187496366745067,866.9473876953125
3.349454573284776,2313.835205078125
3.5165188518892223,1849.406982421875
4.199955942494758,864.2608642578125
3.5054722332390353,1863.5810546875
2.5008653022702902,3612.49609375
3.6769050340456,1416.5673828125
3.4999999851687265,1903.9013671875
3.000411909808018,2835.98388671875
3.8033637869285055,1220.8399658203125
3.77286296008616,1215.71875
3.5678602313523693,1645.03515625
3.9077045710558913,1064.89013671875
3.050876206287227,2932.53564453125
2.5648390176457383,3564.94384765625
3.5208384200726925,1838.4168701171875
2.5373376675697146,3508.9931640625
4.178825870282119,872.6608276367188
3.5661301261848877,1782.22021484375
3.5000855620062747,1903.6226806640625
3.4999999998409033,1903.9013671875
4.028657531721173,961.7005004882812
4.024908072890526,914.9882202148438
3.7415309547561497,1385.0494384765625
2.5238902595076773,3525.22900390625
3.505741487195331,1885.3695068359375
4.199413161073883,864.431640625
4.119457533557868,901.8677978515625
3.399873227782592,2069.349365234375
3.397512593010841,2018.6689453125
4.094320063358979,906.3399658203125
3.7552892916082534,1352.4991455078125
3.1905621815038914,3578.392333984375
3.0007286420680757,2833.9287109375
3.464327509451238,2236.8369140625
4.10390656438348,892.97265625
3.7477028538081436,1335.54345703125
4.199999822531601,864.2435302734375
4.1712611292329695,874.0272827148438
3.4947624484015187,1902.6669921875
3.495295220461614,1910.7513427734375
4.070359056952521,931.754150390625
3.8826981412742048,1119.052734375
3.3655499654416308,2153.29638671875
4.167932566882651,877.68896484375
3.1745606834765336,3710.015380859375
3.4997070360858857,1904.326904296875
2.7378746701759265,3064.90087890625
4.1999999939971575,864.2435302734375
3.5014781792206233,1898.25537109375
3.4971490026927654,1905.586181640625
3.500934328152391,1900.861328125
3.0156561351812603,2772.47265625
3.244370898953358,2496.802734375
3.0193745426026615,2757.39013671875
4.194796937774711,866.3109130859375
3.7836852576544646,1290.3995361328125
4.191650780160423,866.2091674804688
3.4592466300778035,1940.704833984375
3.5023461731233936,1896.2626953125
3.7373932592971815,1130.7847900390625
4.176447566824326,872.174072265625
3.5558482289623448,1815.576904296875
2.588263362940368,3373.386962890625
4.199992285742556,864.2450561523438
3.499683782991332,1904.32177734375
2.503047057192785,3606.98779296875
4.093195810621251,917.10498046875
2.780412567918395,6966.451171875
3.3981528374642727,2156.0810546875
2.636677170375736,3216.29345703125
4.1987441086974835,864.7384643554688
3.0469847173390177,4995.48046875
4.120253967834595,901.415283203125
3.137884891292269,2563.71923828125
3.0005489303546096,2834.890380859375
3.5,1903.9013671875
2.915188380311635,6752.58935546875
4.195006009568806,866.2269897460938
4.196002630642827,865.827880859375
3.4997570636453528,1904.255615234375
3.0349666633464722,3017.1318359375
4.026619014265983,921.6663818359375
4.199983514481439,864.2471313476562
3.1761434404154096,3702.851318359375
2.7536706427623328,4035.868408203125
2.5285232504513293,3484.2421875
3.2778168190007744,3689.25634765625
3.008811367924409,2791.32080078125
3.455969788978794,1972.0594482421875
3.351561484849981,2164.5380859375
3.496042867580033,1900.243896484375
2.960674564950688,6051.37109375
2.9979025613671597,2842.87939453125
4.182383053184245,868.540771484375
3.5936193412996995,1701.57861328125
3.410399757558993,2056.43994140625
3.5304549529005347,1905.431884765625
3.650369568473747,1502.335205078125
3.1506189400479974,2521.2646484375
3.492259911182293,1913.2294921875
3.5401621303241435,1882.6416015625
3.0764570917521348,3162.5771484375
3.5479139679751817,1843.9805908203125
4.199927364326507,864.2705078125
3.477573133052932,1937.6378173828125
2.524344298191368,3530.55615234375
2.940080603272217,6295.845703125
3.560377676953051,1803.0496826171875
3.259319304791086,3827.8662109375
4.009134382423175,957.3170166015625
3.25140471450369,3912.323486328125
3.542472168898434,1664.26318359375
3.509440743887353,1744.6331787109375
3.8332995606120153,1135.2984619140625
3.612949994537183,1703.60546875
2.5002821346250776,3616.10986328125
3.3777324967011055,2036.2608642578125
3.7009481014628274,1433.7340087890625
3.50393505689749,1890.975341796875
3.5056824823761756,1881.6553955078125
4.199991570492722,864.2469482421875
3.45886922256107,1744.9967041015625
4.183275136738643,871.0347290039062
3.014704092631983,2763.727294921875
3.5421051229256095,1864.247802734375
4.199748800097898,864.2931518554688
3.0008163591130534,2833.460205078125
3.023384401985006,5004.85693359375
3.259963097005175,2445.806884765625
2.5759545800053547,3476.79150390625
3.4402674499521644,2085.567138671875
3.509398170858282,1946.7694091796875
4.014301858920048,919.4080810546875
2.5545899226933493,3589.2890625
4.199428138283164,864.4352416992188
3.438523364157561,2003.73828125
4.0721515842232945,899.2496948242188
3.000432061687257,2835.515625
4.16241949912388,875.4080810546875
3.1093344110225423,2682.624267578125
3.6320978223628178,1648.9849853515625
2.878155362647054,3189.8876953125
3.6086400592259995,1334.7579345703125
3.686308217731249,1533.736572265625
3.430996450594485,1971.585693359375
4.1513081952691735,874.8998413085938
3.0171967890547085,2765.970458984375
2.797005677086176,3683.3369140625
3.864638892537622,1145.886962890625
2.5653425267846783,3424.900390625
3.002782669084494,2824.050537109375
3.0066888556870652,2808.968017578125
4.147722719102288,887.2092895507812
3.5407759639644656,1864.4630126953125
2.6946656035985344,3071.0390625
3.2164093260117586,2312.582763671875
4.133704137364829,892.9384765625
3.7158915204170078,1158.4810791015625
2.6089818288891498,3281.804443359375
3.5009120207757674,1900.9342041015625
4.1998583569098935,864.2992553710938
2.614135061633036,3439.641357421875
3.5004508537116585,1902.433349609375
3.4995825260850997,1904.2899169921875
2.501157249218438,3611.09716796875
2.516089116721263,3540.756591796875
3.9893069809174326,977.8732299804688
4.160380130992532,881.1813354492188
3.000195614360102,2836.973876953125
3.0188327971094306,3061.701171875
3.8225162105493453,1122.3670654296875
2.7956568339126964,3694.115478515625
3.500070216123125,1903.6298828125
3.0708189656042255,2856.412841796875
3.2103934774896232,2424.68701171875
3.9994303869935472,986.4795532226562
3.23164589071166,3286.303955078125
3.499997501910164,1903.9049072265625
3.495245256194614,1908.3636474609375
3.5001341518277753,1903.46435546875
2.503503646796378,3600.0791015625
3.4600588339567606,1941.590576171875
3.0001465231600197,2837.05224609375
4.199985582134719,864.2492065429688
3.5000314989637924,1903.798828125
4.119791990358333,883.6239013671875
2.6033817489890128,3351.453369140625
3.27049585519366,2639.63134765625
3.5616804506758117,1763.3953857421875
4.1817032690951175,871.7157592773438
3.681010003501258,1549.779296875
4.027477192291423,963.219482421875
3.498884697674705,1904.8287353515625
4.1884966356559765,868.0078125
3.499999349390334,1903.902099609375
3.609563331080759,1596.0177001953125
3.85542475048682,1133.4287109375
3.3740185150411333,2133.753662109375
4.193683301623611,866.7594604492188
4.169366941474946,874.715087890625
2.967490784819997,3229.612060546875
2.640215767673677,3226.69091796875
3.5003068503086148,1902.9019775390625
4.1998880776402245,864.2872314453125
3.7451923347232126,1359.343505859375
4.1404282593689326,890.8297729492188
3.40150615077188,2043.537841796875
3.808017123619183,1131.9931640625
3.4972931970490047,1906.43115234375
4.199963319318802,864.2509765625
2.6476968737014683,3166.150390625
3.4897769184158363,1988.61669921875
3.695324851456783,1497.13671875
3.5002004344622213,1903.2486572265625
3.4999812458287014,1903.916015625
3.5001968221866764,1903.26025390625
2.503481114047541,3601.87939453125
3.527820270775182,1914.977294921875
3.500144611394294,1903.430419921875
2.7623367145486033,2926.609130859375
3.804495081836511,1248.6378173828125
2.513168098794215,3575.4296875
3.594578756069291,1697.7060546875
4.199814823519991,864.2801513671875
4.190158024417479,867.5272216796875
3.849253999819312,1113.6751708984375
3.562013584975244,1797.86083984375
3.712604379728939,1349.1488037109375
3.0575832937299308,2848.32568359375
4.006037399502941,981.107666015625
3.0006736470332562,2834.222900390625
4.194813529957285,866.3038940429688
4.175063943581657,869.527099609375
3.6159174059534784,1702.880859375
2.621743397633438,3267.291015625
3.63082951049285,1561.8720703125
3.8003323715137265,1199.896484375
3.833678988860478,1181.738037109375
3.0883689824429266,3079.7978515625
3.58185798230589,1734.44287109375
3.8937140390742044,1012.6754150390625
4.19995058905493,864.2593994140625
4.199982813077357,864.250244140625
3.4713132883303146,1986.783203125
3.4864015087833193,1920.0537109375
3.4999998753781743,1903.901611328125
2.702515977599626,3952.553466796875
2.846796297079967,6187.51904296875
4.197862343106651,865.0875244140625
3.6706218758485916,1287.40185546875
2.9018545318442994,3033.615478515625
3.7513681834116883,1189.5841064453125
3.5014966839492234,1894.4000244140625
4.190806301540216,867.8470458984375
4.198104670134259,864.6189575195312
4.199999999971162,864.2435302734375
3.8633779562968864,1044.6392822265625
4.199723067412592,864.3524780273438
3.5028114945341566,1894.7847900390625
4.1999983103859675,864.2442626953125
2.862504414990973,7591.9228515625
3.149949362369881,2759.982421875
3.0338981316806044,2699.5966796875
4.199999726406397,864.2435913085938
4.190640305887659,866.127197265625
4.19898724940604,864.5687255859375
3.5760124347036766,1753.8719482421875
3.952916663424306,1001.6141357421875
4.0221968540797,967.4849243164062
4.196011714376067,865.7947387695312
2.743951460489272,3079.274169921875
2.8262059242710182,3371.247314453125
3.500119872514944,1903.510986328125
4.167172253595002,878.0751342773438
3.499765387217004,1904.1055908203125
3.879823349822475,1095.114990234375
3.4999652284323504,1903.940673828125
3.5590918196668264,1838.978271484375
3.5056781976009166,1885.581298828125
3.0000075298368314,2837.796142578125
3.042315152002567,2941.371337890625
3.0007741187225494,2834.37353515625
3.3249652415649917,2227.06298828125
3.580430121392289,1756.178466796875
3.2081810888163957,2624.875732421875
4.199997862709501,864.2444458007812
4.070316484340332,919.5875244140625
3.086391521403445,2735.777099609375
3.5174881547676318,1848.5926513671875
2.504562443821049,3597.17822265625
3.0425391854271386,2936.372802734375
3.186403527150406,2919.4892578125
3.759295679194582,1254.743408203125
3.92587784895675,965.2239990234375
3.8920165772334685,1106.7008056640625
3.516296420470593,1852.287109375
4.079658047813943,925.6239013671875
3.5773953818300095,1725.4385986328125
3.8252278957065795,1210.1424560546875
4.199180842341993,864.5660400390625
3.4997565887694915,1904.2149658203125
3.2623289760138436,3821.605712890625
2.554951544104476,3586.744140625
3.500006889260029,1903.8787841796875
3.541267815950981,1883.9085693359375
3.3463656713764887,2242.7080078125
3.9482155704607345,1005.8433227539062
3.7134453202839715,1456.9102783203125
3.089917054100354,4170.7626953125
3.8024068697508597,1253.00537109375
4.194426406800743,866.4598999023438
4.089646646808708,915.8607177734375
4.129177495283923,890.64306640625
3.897623791758225,995.5780639648438
3.0000048096837837,2836.34814453125
3.91677895875953,1042.7681884765625
3.4999999987598787,1903.9013671875
3.8843377537069386,1070.5443115234375
2.795802559102469,3693.207275390625
3.4991942582610758,1905.0755615234375
4.199696665939316,864.36279296875
3.573195311306198,1762.070556640625
3.461322490275179,1930.2294921875
3.481927582008253,1921.3017578125
2.5130090046312143,3554.9990234375
3.760131360057264,1341.4459228515625
4.099875039091343,888.7630004882812
3.500578825690821,1901.712646484375
4.187745645748067,869.184814453125
3.9792952384677815,935.2574462890625
3.7777852998188046,1302.7882080078125
4.199993209125994,864.2462158203125
4.12679208641436,890.1022338867188
2.5514386444585693,3459.54150390625
3.7935180059722056,1270.441650390625
3.2033303171534597,3093.4306640625
3.501252990601374,1899.6453857421875
3.0346573276826767,2984.656494140625
2.5627248219491796,3431.989501953125
3.5001342182973847,1903.2591552734375
3.8729548219782144,1133.7371826171875
3.517089203501852,1849.849609375
4.197453978809761,864.7789306640625
2.5328383346207284,3464.835693359375
3.296555371589718,2925.4267578125
3.5086999024108905,1868.6602783203125
4.199549765410381,864.33251953125
3.000202691762267,2836.781982421875
4.199979003820674,864.2517700195312
4.199904840901858,864.2807006835938
3.5000076983128445,1903.87646484375
3.426671057723489,2085.345458984375
3.805187924181571,1247.654052734375
3.9351127490538875,959.7969970703125
3.5001514045253463,1903.3934326171875
3.5864400358577084,1722.50634765625
4.1075202540806215,895.956787109375
3.508312804574215,1876.952392578125
3.5000076835446436,1903.8765869140625
2.502780283295153,3603.312255859375
2.5817730702533748,3381.506591796875
2.64845347156136,3163.2158203125
3.0000476951234947,2837.624755859375
3.3998455144328084,2014.8272705078125
3.636433697220189,1661.99365234375
3.645690250811654,1560.578125
4.084501829088908,922.4532470703125
4.171151056451377,876.1312255859375
3.0003770190852785,2835.9033203125
3.6184924067277753,1659.7430419921875
2.6681308138846394,3181.203125
2.500000020704038,3616.66015625
4.199996621943065,864.244873046875
3.500411587439671,1898.7435302734375
3.4356790114061058,2082.8994140625
2.700893931137326,3104.31689453125
3.1097116253708124,2693.574951171875
2.6972288609358386,3123.87353515625
2.500009146275069,3616.630615234375
3.071888522858231,2768.3798828125
3.500241608469402,1903.1146240234375
4.102017682655717,911.8021850585938
4.036287428439766,938.9754028320312
4.072476775908153,927.858642578125
4.199990397914922,864.247314453125
3.494438441240181,1872.20947265625
2.913315083304326,3050.149658203125
3.016430361377378,2762.645263671875
3.0029061346846593,2824.7880859375
3.5858119990076,1543.85986328125
3.362962977138548,2260.643310546875
3.458932909200909,2301.053466796875
3.122200913708534,3430.055419921875
3.5905141192986663,1710.566650390625
2.5001746043382074,3616.018310546875
3.027733858512711,3028.971435546875
4.122516735270845,882.64599609375
3.5000323466434162,1903.795166015625
4.077337294795563,925.270263671875
4.199998464697838,864.2440795898438
3.5531220500704865,1826.146484375
4.199839375012418,864.3067626953125
2.7506369911379713,3999.99609375
4.189137518660085,868.6116333007812
3.206612250793027,3067.53759765625
4.1941339086756,865.4243774414062
3.0075936111975468,2803.049072265625
3.4612289940723158,1964.39794921875
3.5000317674304595,1903.788818359375
2.9101938969162093,6809.71484375
3.6418602603527352,1622.80078125
3.5001120056849615,1903.535400390625
3.809196170129539,1072.551025390625
4.193330938985853,866.8328247070312
4.186383319527783,869.7510375976562
3.035696239379985,4838.43115234375
4.112578407250023,905.7015380859375
3.8223242335999608,1216.006591796875
4.1999995006269675,864.2437744140625
3.917564133637259,1060.4254150390625
3.492057931932304,1915.6068115234375
3.508826714370064,1875.50341796875
3.0033399464761916,2823.625732421875
3.5923230338658105,1715.2196044921875
3.2245092736481173,3356.490234375
3.046020461621619,2915.65771484375
3.5306428294144214,1902.1429443359375
2.8339076853666905,2820.78076171875
3.1365132355177825,4604.27978515625
2.934023432683667,2991.84814453125
3.00293972018059,2822.162353515625
3.499261650355586,1902.45556640625
3.640696253831746,1532.1488037109375
3.1691454545754434,2643.0234375
4.134643971923053,890.6947021484375
4.007169474269158,980.1256103515625
3.4918824452159907,1911.3536376953125
3.165592544681286,3830.053466796875
3.6483546431773575,1509.3660888671875
3.3101021269015014,2268.2705078125
3.6530633949284605,1496.1641845703125
3.4998086457030166,1904.16845703125
3.00681206969554,2808.7890625
4.199985681122576,864.24853515625
3.3053358263311923,2304.2509765625
4.19154908702128,867.0374755859375
4.189644784781159,866.3345947265625
2.503990533762705,3599.86279296875
2.862029612574931,3556.016357421875
3.994945087119243,963.35400390625
3.009819435390586,2785.983642578125
3.316947191735178,2275.349365234375
3.247643545957362,3908.495849609375
2.6068969033748166,3321.262939453125
4.070762081218723,919.0803833007812
3.5383930108679214,1852.2291259765625
3.367077178531927,2117.10888671875
4.159594600240767,878.3465576171875
2.5000212402061064,3616.616455078125
3.216003869931299,2351.437255859375
4.199954754888525,864.2613525390625
2.500169964367369,3615.850830078125
3.5575281623082646,1817.687744140625
2.9997587709002906,2837.3623046875
4.162293909789703,875.5584716796875
3.0004283978998165,2835.53515625
3.488505256241255,1917.64697265625
3.3802783544731545,2053.8046875
3.5165446110549237,1852.59130859375
2.623769668165895,3263.356689453125
2.5303077909714355,3532.056640625
4.192637316598896,867.1555786132812
2.667742432960451,3177.802734375
4.1122475583097415,887.091552734375
2.500236479720414,3615.521484375
3.499961050336687,1903.9580078125
4.199945351953276,864.2617797851562
3.544821591396616,1854.9715576171875
3.6138265337922286,1474.72412109375
4.197284599157439,865.118408203125
3.11855715711113,4209.62060546875
2.5954137750324313,3410.9306640625
3.660707104238993,1427.239501953125
2.515973791181862,3543.504638671875
3.627801416011585,1649.119140625
3.2403982645122538,2291.6142578125
2.5584021267110915,3455.11767578125
3.63162179562872,1653.4638671875
2.9872128269521045,2858.3564453125
3.1837634380995126,2432.81298828125
2.701370503938821,3214.02197265625
4.16936751916879,877.0897216796875
3.005856135665862,2811.096923828125
4.177686673615709,869.7593383789062
3.616312284793157,1682.7607421875
3.4705485909609064,1942.1744384765625
3.2956864492102516,3464.9091796875
3.4520668847730622,2292.297607421875
3.7031530703925273,1446.850341796875
3.5055711232105304,1885.5362548828125
4.031797711018681,959.7958374023438
2.500001260580353,3616.65625
3.484728449951524,1925.259033203125
2.510288549042754,3596.46484375
3.0000493838772773,2837.568359375
4.196692764869379,864.9006958007812
3.3040670808544035,2301.746337890625
4.160135596586571,881.2947387695312
3.5001142925234845,1903.29931640625
2.5045628840043124,3604.53662109375
3.5000027404463894,1903.892333984375
3.592966795410303,1703.4600830078125
3.857155068709506,1103.6827392578125
4.191619733963445,867.5958251953125
3.000307251704535,2835.71875
2.992538924480511,2855.212158203125
3.5641107761618267,1789.13916015625
3.000000246410795,2837.8271484375
3.516099127965193,1851.282958984375
3.4515424256369425,2306.395751953125
3.4482352506558303,2325.132568359375
4.056338761295205,905.7939453125
2.5318234117974066,3493.67529296875
3.651006017931755,1596.3460693359375
3.4997625750372245,1904.0732421875
3.5289430836881865,1910.90234375
3.5046364536540064,1888.915283203125
3.5219885461384473,1834.6845703125
2.5495888537151727,3532.553466796875
3.54524248605951,1853.528076171875
4.138016496212565,892.0510864257812
3.183938172793574,3251.27294921875
3.6091279873724393,1722.4825439453125
2.513588940428477,3593.099365234375
3.5295146529527894,1908.833984375
3.5003384763876557,1902.7984619140625
3.3939447106295804,1972.66552734375
3.5043774334909994,1888.986083984375
2.502198011985601,3609.657958984375
3.8068402595038484,1055.1531982421875
3.5025281177340823,1895.685546875
3.500592661296676,1901.97216796875
4.041204008756413,952.5075073242188
3.53044105421613,1513.95361328125
3.6706586594781485,1581.8314208984375
2.7174212965447637,3847.80029296875
4.199755672587993,864.3388061523438
3.498116594721144,1904.692138671875
3.499862385028378,1904.030029296875
2.509403159380088,3571.88916015625
3.708207293766463,1181.42724609375
3.5383609171792765,1830.99267578125
3.083516151841066,3112.944091796875
3.246756252390767,2477.337646484375
2.976393724040899,2896.526123046875
3.8289502538496367,1034.9642333984375
4.113696726312058,905.0708618164062
3.2330886846065976,4135.2890625
4.199541975024185,864.390380859375
3.1205536122841555,2651.446533203125
3.312861490900394,2371.72119140625
3.874174349375361,1106.8128662109375
2.5804962029317373,3380.94091796875
3.886533833720836,1111.41748046875
4.1825469581191905,870.0443725585938
3.5003668818755327,1902.7066650390625
4.198620087932059,864.7874145507812
3.5038560515771993,1887.8846435546875
4.127942381529013,896.6014404296875
3.0540697830054757,2933.024169921875
3.4783265082932635,1922.8271484375
2.6715618302465867,3094.57177734375
3.1214240947222853,2648.2333984375
3.49822489925972,1904.529052734375
3.435018688838667,1996.54638671875
2.500220916436221,3615.79150390625
3.2676379388138868,2420.798583984375
2.5664778383312177,3425.302734375
3.5739668490872885,1760.161865234375
3.510364249247615,1870.7347412109375
3.790186603150162,1277.133544921875
4.199998856316057,864.243896484375
4.197190178916961,864.8013916015625
3.5024689328040286,1895.89013671875
3.5007178287136393,1901.5615234375
4.1999604165195885,864.2564086914062
3.6577976993007506,1577.2510986328125
3.0291903980959147,4956.970703125
4.194810740945803,865.2850341796875
3.303950005324131,2444.910888671875
2.942134354631304,3263.8837890625
2.9685601284184866,5828.94189453125
3.885734986379769,1018.0354614257812
3.5238750666611462,1829.27197265625
4.1996815589758265,864.310302734375
3.5000001351182175,1903.9010009765625
3.0222243437373466,3061.8623046875
3.6265864356092847,1300.257568359375
3.715506119808625,1450.4150390625
3.5000160973139467,1903.848388671875
3.0026371723165224,2825.517333984375
